{"mem": 1.370713710784912, "ellipse_time": 2090.077899456024, "num_GS": 1000000}