{"mem": 1.6380891799926758, "ellipse_time": 2062.4846992492676, "num_GS": 1000000}