{"mem": 1.9507784843444824, "ellipse_time": 1988.1776099205017, "num_GS": 1000000}