{"mem": 1.5491809844970703, "ellipse_time": 1754.0969846248627, "num_GS": 1000000}